{"0": {"precision": 1.0, "recall": 0.8125, "f1-score": 0.896551724137931, "support": 32}, "1": {"precision": 0.9302325581395349, "recall": 1.0, "f1-score": 0.963855421686747, "support": 80}, "accuracy": 0.9464285714285714, "macro avg": {"precision": 0.9651162790697674, "recall": 0.90625, "f1-score": 0.930203572912339, "support": 112}, "weighted avg": {"precision": 0.9501661129568106, "recall": 0.9464285714285714, "f1-score": 0.9446257938156567, "support": 112}}