{"0": {"precision": 0.5423728813559322, "recall": 0.8421052631578947, "f1-score": 0.6597938144329897, "support": 76}, "1": {"precision": 0.6842105263157895, "recall": 0.325, "f1-score": 0.4406779661016949, "support": 80}, "accuracy": 0.5769230769230769, "macro avg": {"precision": 0.6132917038358608, "recall": 0.5835526315789473, "f1-score": 0.5502358902673423, "support": 156}, "weighted avg": {"precision": 0.6151101351815, "recall": 0.5769230769230769, "f1-score": 0.5474267127246334, "support": 156}}