{"0": {"precision": 1.0, "recall": 0.75, "f1-score": 0.8571428571428571, "support": 16}, "1": {"precision": 0.9523809523809523, "recall": 1.0, "f1-score": 0.975609756097561, "support": 80}, "accuracy": 0.9583333333333334, "macro avg": {"precision": 0.9761904761904762, "recall": 0.875, "f1-score": 0.9163763066202091, "support": 96}, "weighted avg": {"precision": 0.9603174603174603, "recall": 0.9583333333333334, "f1-score": 0.9558652729384436, "support": 96}}