{"0": {"precision": 1.0, "recall": 0.05555555555555555, "f1-score": 0.10526315789473684, "support": 72}, "1": {"precision": 0.5405405405405406, "recall": 1.0, "f1-score": 0.7017543859649124, "support": 80}, "accuracy": 0.5526315789473685, "macro avg": {"precision": 0.7702702702702703, "recall": 0.5277777777777778, "f1-score": 0.4035087719298246, "support": 152}, "weighted avg": {"precision": 0.7581792318634424, "recall": 0.5526315789473685, "f1-score": 0.4192059095106187, "support": 152}}