{"0": {"precision": 1.0, "recall": 0.75, "f1-score": 0.8571428571428571, "support": 64}, "1": {"precision": 0.8333333333333334, "recall": 1.0, "f1-score": 0.9090909090909091, "support": 80}, "accuracy": 0.8888888888888888, "macro avg": {"precision": 0.9166666666666667, "recall": 0.875, "f1-score": 0.8831168831168831, "support": 144}, "weighted avg": {"precision": 0.9074074074074076, "recall": 0.8888888888888888, "f1-score": 0.886002886002886, "support": 144}}