{"0": {"precision": 1.0, "recall": 0.7916666666666666, "f1-score": 0.8837209302325582, "support": 48}, "1": {"precision": 0.8888888888888888, "recall": 1.0, "f1-score": 0.9411764705882353, "support": 80}, "accuracy": 0.921875, "macro avg": {"precision": 0.9444444444444444, "recall": 0.8958333333333333, "f1-score": 0.9124487004103967, "support": 128}, "weighted avg": {"precision": 0.9305555555555556, "recall": 0.921875, "f1-score": 0.9196306429548564, "support": 128}}