{"0": {"precision": 0.9856454316848282, "recall": 0.9815317195325542, "f1-score": 0.9835842743621915, "support": 9584}, "1": {"precision": 0.358695652173913, "recall": 0.4194915254237288, "f1-score": 0.38671874999999994, "support": 236}, "accuracy": 0.9680244399185336, "macro avg": {"precision": 0.6721705419293706, "recall": 0.7005116224781416, "f1-score": 0.6851515121810957, "support": 9820}, "weighted avg": {"precision": 0.9705782068411851, "recall": 0.9680244399185336, "f1-score": 0.9692400519844443, "support": 9820}}