{"0": {"precision": 0.9311475409836065, "recall": 0.9851337958374629, "f1-score": 0.9573802070792199, "support": 2018}, "1": {"precision": 0.7478991596638656, "recall": 0.3771186440677966, "f1-score": 0.5014084507042254, "support": 236}, "accuracy": 0.9214729370008873, "macro avg": {"precision": 0.839523350323736, "recall": 0.6811262199526298, "f1-score": 0.7293943288917226, "support": 2254}, "weighted avg": {"precision": 0.9119609314044321, "recall": 0.9214729370008873, "f1-score": 0.9096387099609862, "support": 2254}}