{"0": {"precision": 0.9768966082254629, "recall": 0.9849661324962828, "f1-score": 0.9809147745969068, "support": 6053}, "1": {"precision": 0.510752688172043, "recall": 0.4025423728813559, "f1-score": 0.4502369668246445, "support": 236}, "accuracy": 0.9631101923994275, "macro avg": {"precision": 0.7438246481987529, "recall": 0.6937542526888194, "f1-score": 0.7155758707107757, "support": 6289}, "weighted avg": {"precision": 0.9594041666397407, "recall": 0.9631101923994275, "f1-score": 0.9610006447456977, "support": 6289}}