{"0": {"precision": 0.9862815079188044, "recall": 0.9738986784140969, "f1-score": 0.980050980826776, "support": 9080}, "1": {"precision": 0.32285714285714284, "recall": 0.4788135593220339, "f1-score": 0.3856655290102389, "support": 236}, "accuracy": 0.961356805495921, "macro avg": {"precision": 0.6545693253879736, "recall": 0.7263561188680654, "f1-score": 0.6828582549185075, "support": 9316}, "weighted avg": {"precision": 0.9694751371422317, "recall": 0.961356805495921, "f1-score": 0.9649935563282035, "support": 9316}}