{"0": {"precision": 0.9675688856376493, "recall": 0.9831516352824579, "f1-score": 0.9752980213838024, "support": 4036}, "1": {"precision": 0.6023391812865497, "recall": 0.4364406779661017, "f1-score": 0.5061425061425062, "support": 236}, "accuracy": 0.9529494382022472, "macro avg": {"precision": 0.7849540334620995, "recall": 0.7097961566242798, "f1-score": 0.7407202637631543, "support": 4272}, "weighted avg": {"precision": 0.9473923382999013, "recall": 0.9529494382022472, "f1-score": 0.9493802541560529, "support": 4272}}