{"0": {"precision": 0.9858484658735128, "recall": 0.975343823565853, "f1-score": 0.9805680119581465, "support": 8071}, "1": {"precision": 0.38198757763975155, "recall": 0.5211864406779662, "f1-score": 0.4408602150537635, "support": 236}, "accuracy": 0.9624413145539906, "macro avg": {"precision": 0.6839180217566322, "recall": 0.7482651321219096, "f1-score": 0.7107141135059549, "support": 8307}, "weighted avg": {"precision": 0.9686929139747326, "recall": 0.9624413145539906, "f1-score": 0.9652350349424447, "support": 8307}}